{
  "BLEU-1": 0.07418665790337872,
  "BLEU-2": 0.037339698618293816,
  "BLEU-3": 0.02116055804542632,
  "BLEU-4": 0.01262215923580693,
  "METEOR": 0.10874651474034487,
  "ROUGE-L": 0.13381773456068147,
  "CIDEr": 0.05496466304785508,
  "SPICE": null,
  "avg_gen_length": 60.65,
  "avg_ref_length": 10.015,
  "word_precision": 0.09682110160950444,
  "word_recall": 0.38972849493128153,
  "word_f1": 0.15510830746192067
}