{
  "BLEU-1": 0.071921103271322,
  "BLEU-2": 0.0344920110122607,
  "BLEU-3": 0.018760491092645413,
  "BLEU-4": 0.010517386894488773,
  "METEOR": 0.10499190481551304,
  "ROUGE-L": 0.12538354495468834,
  "CIDEr": 0.03214778896121307,
  "SPICE": null,
  "avg_gen_length": 62.165,
  "avg_ref_length": 10.015,
  "word_precision": 0.09331620492547929,
  "word_recall": 0.3886995817435059,
  "word_f1": 0.1505011695782244
}