{
  "BLEU-1": 0.6454457985887873, 
  "BLEU-2": 0.5417380189451007,
  "BLEU-3": 0.4707452784516329,
  "BLEU-4": 0.4188596658403522,
  "METEOR": 0.32224591736608016,
  "ROUGE-L": 0.5615947096338393,
  "CIDEr": 2.527566653116555,
  "SPICE": null,
  "avg_gen_length": 62.165,
  "avg_ref_length": 60.65,
  "word_precision": 0.6052929047439484,
  "word_recall": 0.6146901237684682,
  "word_f1": 0.6099553220620011
}